{
  "id": "aa_tank",
  "name": "대공전차",
  "type": "vehicle",
  "metadata": {
    "author": "editor",
    "version": "1.0",
    "lastModified": "2025-01-31",
    "description": "강력한 유도 미사일로 항공기를 격추하는 대공 방어 차량"
  },
  "parts": {
    "tracks": {
      "type": "rect",
      "x": -22,
      "y": 4,
      "w": 44,
      "h": 8,
      "color": "#1e293b",
      "zIndex": 0
    },
    "body": {
      "type": "polygon",
      "points": [
        {"x": 20, "y": -5},
        {"x": 18, "y": -10},
        {"x": -18, "y": -10},
        {"x": -20, "y": -5},
        {"x": -20, "y": 4},
        {"x": 20, "y": 4}
      ],
      "color": "team",
      "zIndex": 1
    },
    "turretBase": {
      "type": "rect",
      "x": -10,
      "y": -16,
      "w": 20,
      "h": 8,
      "color": "#475569",
      "zIndex": 2
    },
    "radarDish": {
      "type": "arc",
      "x": -5,
      "y": -20,
      "r": 6,
      "color": "#64748b",
      "zIndex": 3
    },
    "missileRackLeft": {
      "type": "rect",
      "x": 10,
      "y": -20,
      "w": 8,
      "h": 12,
      "color": "#0f172a",
      "zIndex": 3
    },
    "missileLeft1": {
      "type": "rect",
      "x": 11,
      "y": -19,
      "w": 6,
      "h": 2,
      "color": "#dc2626",
      "zIndex": 4
    },
    "missileLeft2": {
      "type": "rect",
      "x": 11,
      "y": -16,
      "w": 6,
      "h": 2,
      "color": "#dc2626",
      "zIndex": 4
    },
    "missileLeft3": {
      "type": "rect",
      "x": 11,
      "y": -13,
      "w": 6,
      "h": 2,
      "color": "#dc2626",
      "zIndex": 4
    }
  }
}
