{
  "id": "mbt",
  "name": "전차",
  "type": "vehicle",
  "metadata": {
    "author": "editor",
    "version": "1.0",
    "lastModified": "2025-01-31",
    "description": "높은 체력과 화력으로 전선을 돌파하는 주력 전차"
  },
  "parts": {
    "tracks": {
      "type": "rect",
      "x": -28,
      "y": 2,
      "w": 56,
      "h": 10,
      "color": "#1e293b",
      "zIndex": 0
    },
    "body": {
      "type": "polygon",
      "points": [
        {"x": 25, "y": -5},
        {"x": 20, "y": -12},
        {"x": -20, "y": -12},
        {"x": -25, "y": -5},
        {"x": -25, "y": 2},
        {"x": 25, "y": 2}
      ],
      "color": "team",
      "zIndex": 1
    },
    "turretBase": {
      "type": "rect",
      "x": -12,
      "y": -18,
      "w": 24,
      "h": 10,
      "color": "team",
      "zIndex": 2
    },
    "turretTop": {
      "type": "rect",
      "x": -8,
      "y": -22,
      "w": 16,
      "h": 6,
      "color": "#1e293b",
      "zIndex": 3
    },
    "cannon": {
      "type": "rect",
      "x": 8,
      "y": -17,
      "w": 24,
      "h": 4,
      "color": "#0f172a",
      "zIndex": 4
    },
    "cannonTip": {
      "type": "rect",
      "x": 32,
      "y": -18,
      "w": 4,
      "h": 6,
      "color": "#000",
      "zIndex": 5
    }
  }
}
